<annotation>
	<folder>dataset</folder>
	<filename>imagem_1.jpg</filename>
	<path>C:\Users\wyllg\Desktop\PDI_IA\dataset\imagem_1.jpg</path>
	<source>
		<database>Unknown</database>
	</source>
	<size>
		<width>1920</width>
		<height>1080</height>
		<depth>3</depth>
	</size>
	<segmented>0</segmented>
	<object>
		<name>blob_normal</name>
		<pose>Unspecified</pose>
		<truncated>0</truncated>
		<difficult>0</difficult>
		<bndbox>
			<xmin>177</xmin>
			<ymin>664</ymin>
			<xmax>360</xmax>
			<ymax>876</ymax>
		</bndbox>
	</object>
	<object>
		<name>blob_atento</name>
		<pose>Unspecified</pose>
		<truncated>0</truncated>
		<difficult>0</difficult>
		<bndbox>
			<xmin>550</xmin>
			<ymin>670</ymin>
			<xmax>709</xmax>
			<ymax>884</ymax>
		</bndbox>
	</object>
	<object>
		<name>blob_atento</name>
		<pose>Unspecified</pose>
		<truncated>0</truncated>
		<difficult>0</difficult>
		<bndbox>
			<xmin>919</xmin>
			<ymin>674</ymin>
			<xmax>1071</xmax>
			<ymax>884</ymax>
		</bndbox>
	</object>
	<object>
		<name>blob_surpreso</name>
		<pose>Unspecified</pose>
		<truncated>0</truncated>
		<difficult>0</difficult>
		<bndbox>
			<xmin>1273</xmin>
			<ymin>669</ymin>
			<xmax>1444</xmax>
			<ymax>890</ymax>
		</bndbox>
	</object>
	<object>
		<name>blob_surpreso</name>
		<pose>Unspecified</pose>
		<truncated>0</truncated>
		<difficult>0</difficult>
		<bndbox>
			<xmin>1629</xmin>
			<ymin>666</ymin>
			<xmax>1827</xmax>
			<ymax>889</ymax>
		</bndbox>
	</object>
	<object>
		<name>blob_atento</name>
		<pose>Unspecified</pose>
		<truncated>0</truncated>
		<difficult>0</difficult>
		<bndbox>
			<xmin>393</xmin>
			<ymin>561</ymin>
			<xmax>526</xmax>
			<ymax>720</ymax>
		</bndbox>
	</object>
	<object>
		<name>blob_dormindo</name>
		<pose>Unspecified</pose>
		<truncated>0</truncated>
		<difficult>0</difficult>
		<bndbox>
			<xmin>659</xmin>
			<ymin>563</ymin>
			<xmax>784</xmax>
			<ymax>726</ymax>
		</bndbox>
	</object>
	<object>
		<name>blob_feliz</name>
		<pose>Unspecified</pose>
		<truncated>0</truncated>
		<difficult>0</difficult>
		<bndbox>
			<xmin>927</xmin>
			<ymin>561</ymin>
			<xmax>1049</xmax>
			<ymax>706</ymax>
		</bndbox>
	</object>
	<object>
		<name>blob_normal</name>
		<pose>Unspecified</pose>
		<truncated>0</truncated>
		<difficult>0</difficult>
		<bndbox>
			<xmin>1194</xmin>
			<ymin>564</ymin>
			<xmax>1304</xmax>
			<ymax>723</ymax>
		</bndbox>
	</object>
	<object>
		<name>blob_triste</name>
		<pose>Unspecified</pose>
		<truncated>0</truncated>
		<difficult>0</difficult>
		<bndbox>
			<xmin>1454</xmin>
			<ymin>561</ymin>
			<xmax>1581</xmax>
			<ymax>724</ymax>
		</bndbox>
	</object>
	<object>
		<name>blob_atento</name>
		<pose>Unspecified</pose>
		<truncated>0</truncated>
		<difficult>0</difficult>
		<bndbox>
			<xmin>560</xmin>
			<ymin>477</ymin>
			<xmax>650</xmax>
			<ymax>587</ymax>
		</bndbox>
	</object>
	<object>
		<name>blob_triste</name>
		<pose>Unspecified</pose>
		<truncated>0</truncated>
		<difficult>0</difficult>
		<bndbox>
			<xmin>750</xmin>
			<ymin>481</ymin>
			<xmax>833</xmax>
			<ymax>589</ymax>
		</bndbox>
	</object>
	<object>
		<name>blob_triste</name>
		<pose>Unspecified</pose>
		<truncated>0</truncated>
		<difficult>0</difficult>
		<bndbox>
			<xmin>937</xmin>
			<ymin>480</ymin>
			<xmax>1024</xmax>
			<ymax>586</ymax>
		</bndbox>
	</object>
	<object>
		<name>blob_triste</name>
		<pose>Unspecified</pose>
		<truncated>0</truncated>
		<difficult>0</difficult>
		<bndbox>
			<xmin>1127</xmin>
			<ymin>480</ymin>
			<xmax>1206</xmax>
			<ymax>597</ymax>
		</bndbox>
	</object>
	<object>
		<name>blob_feliz</name>
		<pose>Unspecified</pose>
		<truncated>0</truncated>
		<difficult>0</difficult>
		<bndbox>
			<xmin>1311</xmin>
			<ymin>480</ymin>
			<xmax>1399</xmax>
			<ymax>597</ymax>
		</bndbox>
	</object>
</annotation>
