<annotation>
	<folder>dataset</folder>
	<filename>imagem_8.jpg</filename>
	<path>C:\Users\wyllg\Desktop\PDI_IA\dataset\imagem_8.jpg</path>
	<source>
		<database>Unknown</database>
	</source>
	<size>
		<width>1366</width>
		<height>768</height>
		<depth>3</depth>
	</size>
	<segmented>0</segmented>
	<object>
		<name>blob_feliz</name>
		<pose>Unspecified</pose>
		<truncated>0</truncated>
		<difficult>0</difficult>
		<bndbox>
			<xmin>123</xmin>
			<ymin>467</ymin>
			<xmax>266</xmax>
			<ymax>629</ymax>
		</bndbox>
	</object>
	<object>
		<name>blob_normal</name>
		<pose>Unspecified</pose>
		<truncated>0</truncated>
		<difficult>0</difficult>
		<bndbox>
			<xmin>391</xmin>
			<ymin>469</ymin>
			<xmax>514</xmax>
			<ymax>634</ymax>
		</bndbox>
	</object>
	<object>
		<name>blob_raiva</name>
		<pose>Unspecified</pose>
		<truncated>0</truncated>
		<difficult>0</difficult>
		<bndbox>
			<xmin>645</xmin>
			<ymin>463</ymin>
			<xmax>769</xmax>
			<ymax>620</ymax>
		</bndbox>
	</object>
	<object>
		<name>blob_normal</name>
		<pose>Unspecified</pose>
		<truncated>0</truncated>
		<difficult>0</difficult>
		<bndbox>
			<xmin>909</xmin>
			<ymin>470</ymin>
			<xmax>1030</xmax>
			<ymax>640</ymax>
		</bndbox>
	</object>
	<object>
		<name>blob_entediado</name>
		<pose>Unspecified</pose>
		<truncated>0</truncated>
		<difficult>0</difficult>
		<bndbox>
			<xmin>1159</xmin>
			<ymin>474</ymin>
			<xmax>1304</xmax>
			<ymax>635</ymax>
		</bndbox>
	</object>
	<object>
		<name>blob_atento</name>
		<pose>Unspecified</pose>
		<truncated>0</truncated>
		<difficult>0</difficult>
		<bndbox>
			<xmin>272</xmin>
			<ymin>397</ymin>
			<xmax>372</xmax>
			<ymax>508</ymax>
		</bndbox>
	</object>
	<object>
		<name>blob_surpreso</name>
		<pose>Unspecified</pose>
		<truncated>0</truncated>
		<difficult>0</difficult>
		<bndbox>
			<xmin>472</xmin>
			<ymin>400</ymin>
			<xmax>559</xmax>
			<ymax>507</ymax>
		</bndbox>
	</object>
	<object>
		<name>blob_raiva</name>
		<pose>Unspecified</pose>
		<truncated>0</truncated>
		<difficult>0</difficult>
		<bndbox>
			<xmin>656</xmin>
			<ymin>402</ymin>
			<xmax>766</xmax>
			<ymax>487</ymax>
		</bndbox>
	</object>
	<object>
		<name>blob_atento</name>
		<pose>Unspecified</pose>
		<truncated>0</truncated>
		<difficult>0</difficult>
		<bndbox>
			<xmin>848</xmin>
			<ymin>391</ymin>
			<xmax>932</xmax>
			<ymax>515</ymax>
		</bndbox>
	</object>
	<object>
		<name>blob_atento</name>
		<pose>Unspecified</pose>
		<truncated>0</truncated>
		<difficult>0</difficult>
		<bndbox>
			<xmin>1028</xmin>
			<ymin>397</ymin>
			<xmax>1131</xmax>
			<ymax>522</ymax>
		</bndbox>
	</object>
	<object>
		<name>blob_surpreso</name>
		<pose>Unspecified</pose>
		<truncated>0</truncated>
		<difficult>0</difficult>
		<bndbox>
			<xmin>399</xmin>
			<ymin>337</ymin>
			<xmax>458</xmax>
			<ymax>425</ymax>
		</bndbox>
	</object>
	<object>
		<name>blob_atento</name>
		<pose>Unspecified</pose>
		<truncated>0</truncated>
		<difficult>0</difficult>
		<bndbox>
			<xmin>531</xmin>
			<ymin>339</ymin>
			<xmax>594</xmax>
			<ymax>424</ymax>
		</bndbox>
	</object>
	<object>
		<name>blob_surpreso</name>
		<pose>Unspecified</pose>
		<truncated>0</truncated>
		<difficult>0</difficult>
		<bndbox>
			<xmin>664</xmin>
			<ymin>338</ymin>
			<xmax>732</xmax>
			<ymax>416</ymax>
		</bndbox>
	</object>
	<object>
		<name>blob_normal</name>
		<pose>Unspecified</pose>
		<truncated>0</truncated>
		<difficult>0</difficult>
		<bndbox>
			<xmin>934</xmin>
			<ymin>338</ymin>
			<xmax>996</xmax>
			<ymax>420</ymax>
		</bndbox>
	</object>
</annotation>
