<annotation>
	<folder>dataset</folder>
	<filename>imagem_22.jpg</filename>
	<path>C:\Users\wyllg\Desktop\PDI_IA\dataset\imagem_22.jpg</path>
	<source>
		<database>Unknown</database>
	</source>
	<size>
		<width>1366</width>
		<height>768</height>
		<depth>3</depth>
	</size>
	<segmented>0</segmented>
	<object>
		<name>blob_atento</name>
		<pose>Unspecified</pose>
		<truncated>0</truncated>
		<difficult>0</difficult>
		<bndbox>
			<xmin>120</xmin>
			<ymin>465</ymin>
			<xmax>250</xmax>
			<ymax>624</ymax>
		</bndbox>
	</object>
	<object>
		<name>blob_normal</name>
		<pose>Unspecified</pose>
		<truncated>0</truncated>
		<difficult>0</difficult>
		<bndbox>
			<xmin>390</xmin>
			<ymin>471</ymin>
			<xmax>503</xmax>
			<ymax>623</ymax>
		</bndbox>
	</object>
	<object>
		<name>blob_raiva</name>
		<pose>Unspecified</pose>
		<truncated>0</truncated>
		<difficult>0</difficult>
		<bndbox>
			<xmin>657</xmin>
			<ymin>471</ymin>
			<xmax>764</xmax>
			<ymax>619</ymax>
		</bndbox>
	</object>
	<object>
		<name>blob_normal</name>
		<pose>Unspecified</pose>
		<truncated>0</truncated>
		<difficult>0</difficult>
		<bndbox>
			<xmin>911</xmin>
			<ymin>469</ymin>
			<xmax>1023</xmax>
			<ymax>631</ymax>
		</bndbox>
	</object>
	<object>
		<name>blob_raiva</name>
		<pose>Unspecified</pose>
		<truncated>0</truncated>
		<difficult>0</difficult>
		<bndbox>
			<xmin>1161</xmin>
			<ymin>465</ymin>
			<xmax>1301</xmax>
			<ymax>637</ymax>
		</bndbox>
	</object>
	<object>
		<name>blob_normal</name>
		<pose>Unspecified</pose>
		<truncated>0</truncated>
		<difficult>0</difficult>
		<bndbox>
			<xmin>281</xmin>
			<ymin>396</ymin>
			<xmax>371</xmax>
			<ymax>508</ymax>
		</bndbox>
	</object>
	<object>
		<name>blob_atento</name>
		<pose>Unspecified</pose>
		<truncated>0</truncated>
		<difficult>0</difficult>
		<bndbox>
			<xmin>465</xmin>
			<ymin>393</ymin>
			<xmax>552</xmax>
			<ymax>507</ymax>
		</bndbox>
	</object>
	<object>
		<name>blob_atento</name>
		<pose>Unspecified</pose>
		<truncated>0</truncated>
		<difficult>0</difficult>
		<bndbox>
			<xmin>656</xmin>
			<ymin>398</ymin>
			<xmax>746</xmax>
			<ymax>496</ymax>
		</bndbox>
	</object>
	<object>
		<name>blob_raiva</name>
		<pose>Unspecified</pose>
		<truncated>0</truncated>
		<difficult>0</difficult>
		<bndbox>
			<xmin>848</xmin>
			<ymin>396</ymin>
			<xmax>930</xmax>
			<ymax>508</ymax>
		</bndbox>
	</object>
	<object>
		<name>blob_raiva</name>
		<pose>Unspecified</pose>
		<truncated>0</truncated>
		<difficult>0</difficult>
		<bndbox>
			<xmin>1034</xmin>
			<ymin>395</ymin>
			<xmax>1129</xmax>
			<ymax>520</ymax>
		</bndbox>
	</object>
	<object>
		<name>blob_normal</name>
		<pose>Unspecified</pose>
		<truncated>0</truncated>
		<difficult>0</difficult>
		<bndbox>
			<xmin>398</xmin>
			<ymin>340</ymin>
			<xmax>458</xmax>
			<ymax>413</ymax>
		</bndbox>
	</object>
	<object>
		<name>blob_raiva</name>
		<pose>Unspecified</pose>
		<truncated>0</truncated>
		<difficult>0</difficult>
		<bndbox>
			<xmin>533</xmin>
			<ymin>336</ymin>
			<xmax>592</xmax>
			<ymax>419</ymax>
		</bndbox>
	</object>
	<object>
		<name>blob_atento</name>
		<pose>Unspecified</pose>
		<truncated>0</truncated>
		<difficult>0</difficult>
		<bndbox>
			<xmin>670</xmin>
			<ymin>339</ymin>
			<xmax>725</xmax>
			<ymax>416</ymax>
		</bndbox>
	</object>
	<object>
		<name>blob_atento</name>
		<pose>Unspecified</pose>
		<truncated>0</truncated>
		<difficult>0</difficult>
		<bndbox>
			<xmin>802</xmin>
			<ymin>338</ymin>
			<xmax>858</xmax>
			<ymax>424</ymax>
		</bndbox>
	</object>
	<object>
		<name>blob_normal</name>
		<pose>Unspecified</pose>
		<truncated>0</truncated>
		<difficult>0</difficult>
		<bndbox>
			<xmin>936</xmin>
			<ymin>336</ymin>
			<xmax>994</xmax>
			<ymax>427</ymax>
		</bndbox>
	</object>
</annotation>
