<annotation>
	<folder>dataset</folder>
	<filename>imagem_48.jpg</filename>
	<path>C:\Users\wyllg\Desktop\PDI_IA\dataset\imagem_48.jpg</path>
	<source>
		<database>Unknown</database>
	</source>
	<size>
		<width>850</width>
		<height>382</height>
		<depth>1</depth>
	</size>
	<segmented>0</segmented>
	<object>
		<name>blob_atento</name>
		<pose>Unspecified</pose>
		<truncated>0</truncated>
		<difficult>0</difficult>
		<bndbox>
			<xmin>143</xmin>
			<ymin>234</ymin>
			<xmax>209</xmax>
			<ymax>312</ymax>
		</bndbox>
	</object>
	<object>
		<name>blob_raiva</name>
		<pose>Unspecified</pose>
		<truncated>0</truncated>
		<difficult>0</difficult>
		<bndbox>
			<xmin>272</xmin>
			<ymin>236</ymin>
			<xmax>338</xmax>
			<ymax>309</ymax>
		</bndbox>
	</object>
	<object>
		<name>blob_raiva</name>
		<pose>Unspecified</pose>
		<truncated>0</truncated>
		<difficult>0</difficult>
		<bndbox>
			<xmin>408</xmin>
			<ymin>233</ymin>
			<xmax>463</xmax>
			<ymax>313</ymax>
		</bndbox>
	</object>
	<object>
		<name>blob_raiva</name>
		<pose>Unspecified</pose>
		<truncated>0</truncated>
		<difficult>0</difficult>
		<bndbox>
			<xmin>533</xmin>
			<ymin>231</ymin>
			<xmax>596</xmax>
			<ymax>321</ymax>
		</bndbox>
	</object>
	<object>
		<name>blob_raiva</name>
		<pose>Unspecified</pose>
		<truncated>0</truncated>
		<difficult>0</difficult>
		<bndbox>
			<xmin>662</xmin>
			<ymin>231</ymin>
			<xmax>740</xmax>
			<ymax>317</ymax>
		</bndbox>
	</object>
	<object>
		<name>blob_entediado</name>
		<pose>Unspecified</pose>
		<truncated>0</truncated>
		<difficult>0</difficult>
		<bndbox>
			<xmin>309</xmin>
			<ymin>197</ymin>
			<xmax>363</xmax>
			<ymax>254</ymax>
		</bndbox>
	</object>
	<object>
		<name>blob_raiva</name>
		<pose>Unspecified</pose>
		<truncated>0</truncated>
		<difficult>0</difficult>
		<bndbox>
			<xmin>407</xmin>
			<ymin>199</ymin>
			<xmax>458</xmax>
			<ymax>254</ymax>
		</bndbox>
	</object>
	<object>
		<name>blob_raiva</name>
		<pose>Unspecified</pose>
		<truncated>0</truncated>
		<difficult>0</difficult>
		<bndbox>
			<xmin>502</xmin>
			<ymin>200</ymin>
			<xmax>555</xmax>
			<ymax>254</ymax>
		</bndbox>
	</object>
	<object>
		<name>blob_atento</name>
		<pose>Unspecified</pose>
		<truncated>0</truncated>
		<difficult>0</difficult>
		<bndbox>
			<xmin>596</xmin>
			<ymin>197</ymin>
			<xmax>651</xmax>
			<ymax>261</ymax>
		</bndbox>
	</object>
	<object>
		<name>blob_surpreso</name>
		<pose>Unspecified</pose>
		<truncated>0</truncated>
		<difficult>0</difficult>
		<bndbox>
			<xmin>346</xmin>
			<ymin>165</ymin>
			<xmax>380</xmax>
			<ymax>210</ymax>
		</bndbox>
	</object>
	<object>
		<name>blob_raiva</name>
		<pose>Unspecified</pose>
		<truncated>0</truncated>
		<difficult>0</difficult>
		<bndbox>
			<xmin>417</xmin>
			<ymin>168</ymin>
			<xmax>448</xmax>
			<ymax>209</ymax>
		</bndbox>
	</object>
	<object>
		<name>blob_normal</name>
		<pose>Unspecified</pose>
		<truncated>0</truncated>
		<difficult>0</difficult>
		<bndbox>
			<xmin>483</xmin>
			<ymin>167</ymin>
			<xmax>514</xmax>
			<ymax>214</ymax>
		</bndbox>
	</object>
</annotation>
