<annotation>
	<folder>dataset</folder>
	<filename>imagem_39.jpg</filename>
	<path>C:\Users\wyllg\Desktop\PDI_IA\dataset\imagem_39.jpg</path>
	<source>
		<database>Unknown</database>
	</source>
	<size>
		<width>1920</width>
		<height>1080</height>
		<depth>1</depth>
	</size>
	<segmented>0</segmented>
	<object>
		<name>blob_atento</name>
		<pose>Unspecified</pose>
		<truncated>0</truncated>
		<difficult>0</difficult>
		<bndbox>
			<xmin>136</xmin>
			<ymin>660</ymin>
			<xmax>337</xmax>
			<ymax>870</ymax>
		</bndbox>
	</object>
	<object>
		<name>blob_triste</name>
		<pose>Unspecified</pose>
		<truncated>0</truncated>
		<difficult>0</difficult>
		<bndbox>
			<xmin>551</xmin>
			<ymin>649</ymin>
			<xmax>719</xmax>
			<ymax>889</ymax>
		</bndbox>
	</object>
	<object>
		<name>blob_normal</name>
		<pose>Unspecified</pose>
		<truncated>0</truncated>
		<difficult>0</difficult>
		<bndbox>
			<xmin>914</xmin>
			<ymin>659</ymin>
			<xmax>1081</xmax>
			<ymax>881</ymax>
		</bndbox>
	</object>
	<object>
		<name>blob_normal</name>
		<pose>Unspecified</pose>
		<truncated>0</truncated>
		<difficult>0</difficult>
		<bndbox>
			<xmin>1279</xmin>
			<ymin>653</ymin>
			<xmax>1440</xmax>
			<ymax>887</ymax>
		</bndbox>
	</object>
	<object>
		<name>blob_atento</name>
		<pose>Unspecified</pose>
		<truncated>0</truncated>
		<difficult>0</difficult>
		<bndbox>
			<xmin>1631</xmin>
			<ymin>644</ymin>
			<xmax>1821</xmax>
			<ymax>890</ymax>
		</bndbox>
	</object>
	<object>
		<name>blob_normal</name>
		<pose>Unspecified</pose>
		<truncated>0</truncated>
		<difficult>0</difficult>
		<bndbox>
			<xmin>394</xmin>
			<ymin>551</ymin>
			<xmax>523</xmax>
			<ymax>716</ymax>
		</bndbox>
	</object>
	<object>
		<name>blob_raiva</name>
		<pose>Unspecified</pose>
		<truncated>0</truncated>
		<difficult>0</difficult>
		<bndbox>
			<xmin>670</xmin>
			<ymin>557</ymin>
			<xmax>783</xmax>
			<ymax>704</ymax>
		</bndbox>
	</object>
	<object>
		<name>blob_atento</name>
		<pose>Unspecified</pose>
		<truncated>0</truncated>
		<difficult>0</difficult>
		<bndbox>
			<xmin>934</xmin>
			<ymin>556</ymin>
			<xmax>1047</xmax>
			<ymax>713</ymax>
		</bndbox>
	</object>
	<object>
		<name>blob_raiva</name>
		<pose>Unspecified</pose>
		<truncated>0</truncated>
		<difficult>0</difficult>
		<bndbox>
			<xmin>1189</xmin>
			<ymin>557</ymin>
			<xmax>1306</xmax>
			<ymax>716</ymax>
		</bndbox>
	</object>
	<object>
		<name>blob_atento</name>
		<pose>Unspecified</pose>
		<truncated>0</truncated>
		<difficult>0</difficult>
		<bndbox>
			<xmin>1460</xmin>
			<ymin>559</ymin>
			<xmax>1587</xmax>
			<ymax>747</ymax>
		</bndbox>
	</object>
	<object>
		<name>blob_atento</name>
		<pose>Unspecified</pose>
		<truncated>0</truncated>
		<difficult>0</difficult>
		<bndbox>
			<xmin>550</xmin>
			<ymin>469</ymin>
			<xmax>643</xmax>
			<ymax>584</ymax>
		</bndbox>
	</object>
	<object>
		<name>blob_raiva</name>
		<pose>Unspecified</pose>
		<truncated>0</truncated>
		<difficult>0</difficult>
		<bndbox>
			<xmin>741</xmin>
			<ymin>471</ymin>
			<xmax>826</xmax>
			<ymax>594</ymax>
		</bndbox>
	</object>
	<object>
		<name>blob_raiva</name>
		<pose>Unspecified</pose>
		<truncated>0</truncated>
		<difficult>0</difficult>
		<bndbox>
			<xmin>939</xmin>
			<ymin>474</ymin>
			<xmax>1023</xmax>
			<ymax>583</ymax>
		</bndbox>
	</object>
	<object>
		<name>blob_raiva</name>
		<pose>Unspecified</pose>
		<truncated>0</truncated>
		<difficult>0</difficult>
		<bndbox>
			<xmin>1117</xmin>
			<ymin>474</ymin>
			<xmax>1217</xmax>
			<ymax>591</ymax>
		</bndbox>
	</object>
	<object>
		<name>blob_dormindo</name>
		<pose>Unspecified</pose>
		<truncated>0</truncated>
		<difficult>0</difficult>
		<bndbox>
			<xmin>1304</xmin>
			<ymin>473</ymin>
			<xmax>1397</xmax>
			<ymax>603</ymax>
		</bndbox>
	</object>
</annotation>
