<annotation>
	<folder>dataset</folder>
	<filename>imagem_36.jpg</filename>
	<path>C:\Users\wyllg\Desktop\PDI_IA\dataset\imagem_36.jpg</path>
	<source>
		<database>Unknown</database>
	</source>
	<size>
		<width>1920</width>
		<height>1080</height>
		<depth>1</depth>
	</size>
	<segmented>0</segmented>
	<object>
		<name>blob_entediado</name>
		<pose>Unspecified</pose>
		<truncated>0</truncated>
		<difficult>0</difficult>
		<bndbox>
			<xmin>174</xmin>
			<ymin>661</ymin>
			<xmax>363</xmax>
			<ymax>869</ymax>
		</bndbox>
	</object>
	<object>
		<name>blob_feliz</name>
		<pose>Unspecified</pose>
		<truncated>0</truncated>
		<difficult>0</difficult>
		<bndbox>
			<xmin>546</xmin>
			<ymin>660</ymin>
			<xmax>711</xmax>
			<ymax>880</ymax>
		</bndbox>
	</object>
	<object>
		<name>blob_feliz</name>
		<pose>Unspecified</pose>
		<truncated>0</truncated>
		<difficult>0</difficult>
		<bndbox>
			<xmin>916</xmin>
			<ymin>661</ymin>
			<xmax>1070</xmax>
			<ymax>887</ymax>
		</bndbox>
	</object>
	<object>
		<name>blob_feliz</name>
		<pose>Unspecified</pose>
		<truncated>0</truncated>
		<difficult>0</difficult>
		<bndbox>
			<xmin>1283</xmin>
			<ymin>657</ymin>
			<xmax>1444</xmax>
			<ymax>883</ymax>
		</bndbox>
	</object>
	<object>
		<name>blob_raiva</name>
		<pose>Unspecified</pose>
		<truncated>0</truncated>
		<difficult>0</difficult>
		<bndbox>
			<xmin>1621</xmin>
			<ymin>653</ymin>
			<xmax>1829</xmax>
			<ymax>884</ymax>
		</bndbox>
	</object>
	<object>
		<name>blob_normal</name>
		<pose>Unspecified</pose>
		<truncated>0</truncated>
		<difficult>0</difficult>
		<bndbox>
			<xmin>393</xmin>
			<ymin>560</ymin>
			<xmax>514</xmax>
			<ymax>716</ymax>
		</bndbox>
	</object>
	<object>
		<name>blob_normal</name>
		<pose>Unspecified</pose>
		<truncated>0</truncated>
		<difficult>0</difficult>
		<bndbox>
			<xmin>661</xmin>
			<ymin>550</ymin>
			<xmax>784</xmax>
			<ymax>717</ymax>
		</bndbox>
	</object>
	<object>
		<name>blob_entediado</name>
		<pose>Unspecified</pose>
		<truncated>0</truncated>
		<difficult>0</difficult>
		<bndbox>
			<xmin>933</xmin>
			<ymin>551</ymin>
			<xmax>1050</xmax>
			<ymax>720</ymax>
		</bndbox>
	</object>
	<object>
		<name>blob_surpreso</name>
		<pose>Unspecified</pose>
		<truncated>0</truncated>
		<difficult>0</difficult>
		<bndbox>
			<xmin>1446</xmin>
			<ymin>550</ymin>
			<xmax>1577</xmax>
			<ymax>720</ymax>
		</bndbox>
	</object>
	<object>
		<name>blob_raiva</name>
		<pose>Unspecified</pose>
		<truncated>0</truncated>
		<difficult>0</difficult>
		<bndbox>
			<xmin>553</xmin>
			<ymin>479</ymin>
			<xmax>634</xmax>
			<ymax>590</ymax>
		</bndbox>
	</object>
	<object>
		<name>blob_atento</name>
		<pose>Unspecified</pose>
		<truncated>0</truncated>
		<difficult>0</difficult>
		<bndbox>
			<xmin>747</xmin>
			<ymin>473</ymin>
			<xmax>826</xmax>
			<ymax>596</ymax>
		</bndbox>
	</object>
	<object>
		<name>blob_dormindo</name>
		<pose>Unspecified</pose>
		<truncated>0</truncated>
		<difficult>0</difficult>
		<bndbox>
			<xmin>939</xmin>
			<ymin>477</ymin>
			<xmax>1021</xmax>
			<ymax>587</ymax>
		</bndbox>
	</object>
	<object>
		<name>blob_raiva</name>
		<pose>Unspecified</pose>
		<truncated>0</truncated>
		<difficult>0</difficult>
		<bndbox>
			<xmin>1119</xmin>
			<ymin>477</ymin>
			<xmax>1209</xmax>
			<ymax>586</ymax>
		</bndbox>
	</object>
	<object>
		<name>blob_atento</name>
		<pose>Unspecified</pose>
		<truncated>0</truncated>
		<difficult>0</difficult>
		<bndbox>
			<xmin>1313</xmin>
			<ymin>471</ymin>
			<xmax>1396</xmax>
			<ymax>594</ymax>
		</bndbox>
	</object>
</annotation>
