<annotation>
	<folder>dataset</folder>
	<filename>imagem_3.jpg</filename>
	<path>C:\Users\wyllg\Desktop\PDI_IA\dataset\imagem_3.jpg</path>
	<source>
		<database>Unknown</database>
	</source>
	<size>
		<width>1920</width>
		<height>1080</height>
		<depth>3</depth>
	</size>
	<segmented>0</segmented>
	<object>
		<name>blob_entediado</name>
		<pose>Unspecified</pose>
		<truncated>0</truncated>
		<difficult>0</difficult>
		<bndbox>
			<xmin>164</xmin>
			<ymin>657</ymin>
			<xmax>357</xmax>
			<ymax>884</ymax>
		</bndbox>
	</object>
	<object>
		<name>blob_surpreso</name>
		<pose>Unspecified</pose>
		<truncated>0</truncated>
		<difficult>0</difficult>
		<bndbox>
			<xmin>553</xmin>
			<ymin>667</ymin>
			<xmax>719</xmax>
			<ymax>873</ymax>
		</bndbox>
	</object>
	<object>
		<name>blob_feliz</name>
		<pose>Unspecified</pose>
		<truncated>0</truncated>
		<difficult>0</difficult>
		<bndbox>
			<xmin>923</xmin>
			<ymin>666</ymin>
			<xmax>1079</xmax>
			<ymax>884</ymax>
		</bndbox>
	</object>
	<object>
		<name>blob_normal</name>
		<pose>Unspecified</pose>
		<truncated>0</truncated>
		<difficult>0</difficult>
		<bndbox>
			<xmin>1266</xmin>
			<ymin>670</ymin>
			<xmax>1463</xmax>
			<ymax>890</ymax>
		</bndbox>
	</object>
	<object>
		<name>blob_raiva</name>
		<pose>Unspecified</pose>
		<truncated>0</truncated>
		<difficult>0</difficult>
		<bndbox>
			<xmin>1627</xmin>
			<ymin>670</ymin>
			<xmax>1834</xmax>
			<ymax>896</ymax>
		</bndbox>
	</object>
	<object>
		<name>blob_normal</name>
		<pose>Unspecified</pose>
		<truncated>0</truncated>
		<difficult>0</difficult>
		<bndbox>
			<xmin>389</xmin>
			<ymin>560</ymin>
			<xmax>521</xmax>
			<ymax>736</ymax>
		</bndbox>
	</object>
	<object>
		<name>blob_atento</name>
		<pose>Unspecified</pose>
		<truncated>0</truncated>
		<difficult>0</difficult>
		<bndbox>
			<xmin>664</xmin>
			<ymin>561</ymin>
			<xmax>770</xmax>
			<ymax>720</ymax>
		</bndbox>
	</object>
	<object>
		<name>blob_feliz</name>
		<pose>Unspecified</pose>
		<truncated>0</truncated>
		<difficult>0</difficult>
		<bndbox>
			<xmin>923</xmin>
			<ymin>569</ymin>
			<xmax>1054</xmax>
			<ymax>714</ymax>
		</bndbox>
	</object>
	<object>
		<name>blob_feliz</name>
		<pose>Unspecified</pose>
		<truncated>0</truncated>
		<difficult>0</difficult>
		<bndbox>
			<xmin>1187</xmin>
			<ymin>567</ymin>
			<xmax>1314</xmax>
			<ymax>727</ymax>
		</bndbox>
	</object>
	<object>
		<name>blob_atento</name>
		<pose>Unspecified</pose>
		<truncated>0</truncated>
		<difficult>0</difficult>
		<bndbox>
			<xmin>1437</xmin>
			<ymin>567</ymin>
			<xmax>1597</xmax>
			<ymax>719</ymax>
		</bndbox>
	</object>
	<object>
		<name>blob_raiva</name>
		<pose>Unspecified</pose>
		<truncated>0</truncated>
		<difficult>0</difficult>
		<bndbox>
			<xmin>559</xmin>
			<ymin>476</ymin>
			<xmax>646</xmax>
			<ymax>593</ymax>
		</bndbox>
	</object>
	<object>
		<name>blob_feliz</name>
		<pose>Unspecified</pose>
		<truncated>0</truncated>
		<difficult>0</difficult>
		<bndbox>
			<xmin>759</xmin>
			<ymin>480</ymin>
			<xmax>827</xmax>
			<ymax>583</ymax>
		</bndbox>
	</object>
	<object>
		<name>blob_raiva</name>
		<pose>Unspecified</pose>
		<truncated>0</truncated>
		<difficult>0</difficult>
		<bndbox>
			<xmin>1124</xmin>
			<ymin>480</ymin>
			<xmax>1206</xmax>
			<ymax>590</ymax>
		</bndbox>
	</object>
	<object>
		<name>blob_atento</name>
		<pose>Unspecified</pose>
		<truncated>0</truncated>
		<difficult>0</difficult>
		<bndbox>
			<xmin>1313</xmin>
			<ymin>483</ymin>
			<xmax>1401</xmax>
			<ymax>593</ymax>
		</bndbox>
	</object>
</annotation>
